approval_number,proj_no,coms_proj_no,coms_project_title
0007,36601-013,,
0013,36601-013,,
0036,34418-023,,
0049,39581-012,,
0050,39581-012,,
0075,36601-013,,
0084,47037-004,,
0095,36353-013,,
0116,42186-014,,
0126,39370-023,,
0127,40263-033,,
0159,42382-013,,
0187,37269-023,,
0193,36601-013,,
0226,44304-014,,
0231,41505-013,,
0232,41507-013,,
0244,42095-033,,
0246,44065-013,,
0253,40517-013,,
0254,40517-013,,
0259,41509-013,,
0263,43072-013,,
0267,38426-023,,
0273,42392-013,,
0277,38097-013,,
0285,46009-003,,
0287,42169-013,,
0288,41504-024,,
0289,35174-082,,
0290,43566-013,,
0291,42095-033,,
0292,40263-033,,
0293,40263-033,,
0298,42177-013,,
0301,45432-002,,
0302,42186-014,,
0303,43576-013,,
0310,45084-002,,
0311,40685-023,,
0315,39256-024,,
0320,42378-015,,
0323,39298-013,,
0326,43207-013,,
0329,43319-043,,
0330,40190-013,,
0331,44037-014,,
0334,43319-033,,
0335,43319-033,,
0336,45303-001,,
0337,36353-013,,
0342,43524-014,,
0343,42099-013,,
0347,43452-023,,
0348,43452-023,,
0349,44321-013,,
0350,44321-013,,
0352,45354-002,,
0353,40255-033,,
0354,41074-013,,
0357,44214-024,,
0358,44214-024,,
0363,45301-002,,
0364,44012-013,,
0365,46265-001,,
0366,45169-001,,
0368,36172-063,,
0370,46044-002,,
0371,46044-002,,
0373,46044-002,,
0374,46392-001,,
0375,46392-001,,
0378,46351-002,,
0379,46421-001,,
0380,45007-004,,
0382,38097-013,,
0383,39399-034,,
0384,42182-013,,
0387,43072-013,,
0388,44007-013,,
0389,48192-001,,
0390,48192-001,,
0391,42466-015,,
0394,44212-013,,
0395,44212-013,,
0396,44167-014,,
0397,44219-014,,
0398,44219-014,,
0399,43253-025,,
0401,42334-014,,
0402,42334-014,,
0405,35173-013,,
0406,38097-013,,
0409,46122-003,,
0410,46122-003,,
0411,48326-001,,
0412,48326-001,,
0413,42267-026,,
0414,46455-004,,
0414,46455-002,,
0415,46453-002,,
0416,47314-001,,
0419,46348-003,,
0420,45022-002,,
0422,44482-025,,
0423,44482-025,,
0424,46455-004,,
0425,44304-014,,
0426,40253-033,,
0427,42392-013,,
0429,46122-003,,
0433,40253-035,,
0434,40075-033,,
0435,40075-043,,
0437,39370-023,,
0438,46346-002,,
0439,46346-002,,
0440,48402-001,,
0441,34418-023,,
0442,47318-001,,
0443,46455-004,,
0444,43452-023,,
0445,43452-023,,
0446,43452-023,,
0447,46495-002,,
0448,41505-013,,
0449,41507-013,,
0450,41508-014,,
0451,47281-001,,
0452,46535-001,,
0453,46535-001,,
0454,42285-013,,
0455,47127-002,,
0456,46044-003,,
0457,46044-003,,
0458,47320-001,,
0459,49319-001,,
0460,49319-001,,
0461,49319-001,,
0462,43237-013,,
0464,47282-003,,
0465,47282-003,,
0466,42334-014,,
0467,42334-014,,
0468,42361-014,,
0471,45041-002,,
2025,29296-013,,
2168,36601-013,,
2200,34418-023,,
2217,38357-013,,
2288,37269-023,,
2372,36353-013,,
2453,40517-013,,
2454,40517-013,,
2455,42186-014,,
2517,42182-013,,
2550,42382-013,,
2552,42051-023,,
2553,42051-023,,
2602,37269-023,,
2606,42383-023,,
2610,39595-033,,
2626,44065-013,,
2686,44304-014,,
2695,39298-013,,
2699,41505-013,,
2699,41507-013,,
2699,41508-014,,
2718,44281-013,,
2730,41414-043,,
2741,40080-013,,
2747,29296-013,,
2756,42171-013,,
2761,42122-013,,
2767,38357-013,,
2769,37113-013,,
2783,43200-024,,
2784,43200-024,,
2785,41509-013,,
2789,41433-013,,
2795,43072-013,,
2796,38426-023,,
2817,38479-034,,
2820,42392-013,,
2826,41462-013,,
2835,44012-013,,
2838,40685-023,,
2839,43309-013,,
2852,46009-003,,
2857,45094-001,,
2858,45094-001,,
2867,43566-013,,
2872,43396-013,,
2878,42177-013,,
2892,43576-013,,
2893,43576-013,,
2913,45084-002,,
2914,41627-053,,
2915,44007-013,,
2916,46145-001,,
2920,44507-003,,
2928,42099-013,,
2931,43319-022,,
2934,39256-024,,
2935,39256-024,,
2942,46093-001,,
2949,40540-014,,
2956,39500-033,,
2957,41220-013,,
2959,42039-035,,
2962,43031-013,,
2963,45009-002,,
2964,43207-013,,
2966,42378-015,,
2969,43319-043,,
2970,40190-013,,
2979,42361-014,,
2980,44037-014,,
2983,43319-033,,
2988,36353-013,,
2990,43281-013,,
2991,43281-013,,
2993,42145-043,,
3000,43524-014,,
3006,44321-013,,
3007,44321-013,,
3008,39293-037,,
3009,39293-037,,
3013,40255-033,,
3015,41074-013,,
3025,44458-013,,
3026,44458-013,,
3029,45148-007,,
3030,45148-007,,
3041,45301-002,,
3045,42180-013,,
3046,42180-013,,
3047,44213-016,,
3051,42173-013,,
3052,45224-003,,
3056,45169-001,,
3068,46093-004,,
3075,46058-002,,
3083,42362-013,,
3087,42378-016,,
3090,47094-001,,
3091,47094-001,,
3092,47094-001,,
3094,46421-001,,
3098,45007-004,,
3099,45007-004,,
3100,46420-002,,
3111,44253-013,,
3113,45200-002,,
3117,39399-034,,
3119,42251-018,,
3120,42251-018,,
3121,40075-033,,
3124,33209-014,,
3125,46009-003,,
3126,47015-001,,
3130,47919-014,,
3131,42466-015,,
3133,44212-013,,
3134,47281-001,,
3138,44167-014,,
3139,44219-014,,
3141,45306-001,,
3142,39295-013,,
3146,47037-004,,
3147,47037-004,,
3148,43253-025,,
3150,46416-002,,
3151,42334-014,,
3157,35173-013,,
3158,48901-014,,
3161,46391-001,,
3164,48134-001,,
3169,46168-001,,
3170,46168-001,,
3182,42267-026,,
3183,42267-026,,
3186,46268-002,,
3193,46453-002,,
3197,40075-043,,
3198,47300-002,,
3210,48141-001,,
3212,46348-003,,
3216,45022-002,,
3218,47052-002,,
3219,48233-001,,
3225,44444-013,,
3226,44444-013,,
3227,47293-001,,
3228,47293-001,,
3235,40080-024,,
3249,42392-013,,
3250,45041-002,,
3256,42122-013,,
3271,44318-026,,
3279,47137-003,,
3280,47137-003,,
3286,41340-015,,
3300,48402-001,,
3302,34418-023,,
3303,49043-001,,
3308,47051-002,,
3309,46535-001,,
3310,46422-003,,
3311,42285-013,,
3315,46443-003,,
3316,47127-002,,
3320,44213-017,,
3321,47015-002,,
3322,47015-002,,
3331,49319-001,,
3332,49319-001,,
3339,49080-001,,
3340,43237-013,,
3348,45148-008,,
3349,45148-008,,
3350,42378-017,,
3356,49232-001,,
3363,40080-025,,
3364,40080-025,,
3365,44426-016,,
3366,49263-001,,
3369,43407-014,,
3374,42039-036,,
7407,47919-014,,
7409,47937-001,,
7435,48233-001,,
8246,42051-023,,
8252,38357-013,,
8254,43309-013,,
8257,38426-023,,
8258,45084-002,,
8259,45432-002,,
8261,43207-013,,
8262,40190-013,,
8263,40540-014,,
8264,42361-014,,
8265,43319-033,,
8266,41220-013,,
8269,43524-014,,
8270,42169-013,,
8271,44321-013,,
8272,41074-013,,
8273,44507-003,,
8274,41509-013,,
8275,45224-003,,
8276,42362-013,,
8279,45200-002,,
8281,47919-014,,
8282,45148-007,,
8283,47937-001,,
8284,44212-013,,
8285,39295-013,,
8286,46391-001,,
8287,48901-014,,
8288,33209-014,,
8289,48233-001,,
8290,47037-004,,
8291,40080-024,,
8292,42173-013,,
8293,49043-001,,
8294,46422-003,,
8295,42285-013,,
8296,46443-003,,
8297,49080-001,,
8298,49238-001,,
8299,42334-014,,
8300,42334-014,,
8301,49263-001,,
8302,40080-025,,
8303,45041-002,,
8304,35173-013,,
9001,35346-012,,
9135,38097-013,,
9153,42149-012,,
9154,44082-012,,
9155,44134-012,,
9156,44363-012,,
9157,43103-012,,
9158,44135-012,,
9159,42321-012,,
9160,44129-012,,
9161,45127-001,,
9162,45320-001,,
9163,41504-024,,
9164,45145-001,,
9165,36222-013,,
9166,45520-001,,
9167,45259-001,,
9168,43069-012,,
9169,44359-012,,
9170,46010-001,,
9171,46077-001,,
9172,46284-001,,
9173,46074-001,,
9174,47311-001,,
9175,47338-001,,
9176,46490-001,,
9177,47187-001,,
9178,46009-002,,
9179,46270-002,,
9180,49202-001,,
9181,49320-001,,
9182,49168-001,,
9183,48216-001,,
9184,48322-001,,
